country,revenue
US,2803.52
Australia,1101.12
Australia,2089.78
Australia,1009.01
UK,1805.26
Canada,1733.44
France,3888.21
US,1423.97
UK,1302.99
France,1266.0
Japan,1537.04
US,1135.67
Germany,2054.84
Australia,1453.65
UK,1200.11
Australia,1742.49
UK,1569.2
Canada,1729.36
Germany,2297.31
US,1207.01
Japan,1035.7
US,1774.19
Canada,1893.54
Japan,2965.36
Australia,3404.01
Germany,1750.47
US,1102.34
France,2882.08
Germany,1354.26
France,1318.33
Australia,3536.97
Japan,1071.49
Germany,1014.52
Germany,2295.85
Canada,1342.64
UK,2269.26
Canada,1636.19
UK,1448.02
UK,2264.92
US,1422.65
Germany,1703.68
Canada,1866.76
Canada,2129.68
France,1335.26
Japan,1104.21
Germany,1418.71
UK,1184.66
Germany,2180.25
UK,1340.08
Germany,2509.37
Japan,1157.15
Germany,1937.1
Germany,2111.41
Japan,1077.68
Germany,1606.89
UK,2636.08
Japan,1383.16
Canada,1406.46
Japan,1630.64
UK,2017.46
Australia,1746.04
Germany,2718.43
Australia,1310.67
Germany,1226.54
UK,1976.6
US,1202.57
Australia,1618.4
Canada,1973.78
US,1346.99
Canada,1059.18
Germany,4246.49
Japan,2993.42
Japan,2071.01
UK,1236.26
Japan,2065.07
UK,2142.94
US,3809.85
UK,1488.79
UK,1633.91
US,1553.88
US,2204.94
Japan,2075.43
US,2168.71
Canada,1462.86
Japan,1539.27
Canada,1300.06
US,1806.34
France,1361.22
Germany,1540.32
France,2056.0
US,1284.93
US,1573.55
Canada,1809.47
Germany,2937.48
Australia,3449.07
UK,1342.14
Australia,1986.34
US,2323.41
Germany,2817.61
France,1834.17
France,1017.91
Japan,2570.3
US,2032.73
US,1573.39
Australia,1386.9
UK,1857.35
Australia,4161.79
Germany,2314.85
UK,1976.57
Canada,2603.44
Germany,1436.97
France,1036.51
Germany,1956.73
France,1689.08
France,1801.45
UK,2462.92
Japan,1339.09
UK,1051.34
US,1256.19
Germany,1617.47
Canada,3496.87
Japan,1700.62
Canada,1070.49
Australia,1425.96
Canada,2117.53
Canada,2878.86
Australia,2403.68
UK,1164.45
UK,2734.15
Australia,1797.92
France,1004.56
Australia,1527.05
Japan,1827.07
Germany,2766.9
France,2440.1
Germany,1133.3
Canada,2571.65
France,1869.56
UK,1360.18
US,1085.69
UK,1288.91
UK,2576.8
France,2899.14
UK,1858.64
UK,1098.43
France,1043.34
France,1759.38
Germany,2976.16
UK,1057.41
Germany,1361.57
Australia,3892.37
Australia,1186.26
US,3879.18
Australia,1203.17
France,2669.15
Japan,1239.42
Australia,1386.01
Japan,2861.84
Canada,2674.72
France,2774.08
Canada,2005.31
Canada,1182.08
Germany,2498.73
US,4115.52
Germany,1123.02
US,1526.45
UK,1088.79
US,2061.82
Australia,1287.42
US,2724.57
Australia,1696.24
UK,1569.4
France,3200.9
Australia,1395.63
Canada,1076.48
Japan,2068.75
Canada,1849.59
Japan,2402.43
France,1699.92
Japan,3128.77
Canada,1304.63
Japan,1813.84
Japan,1649.1
Germany,1043.41
Japan,1991.92
France,2609.73
US,1685.56
Australia,2405.62
Canada,2746.36
Australia,1465.01
Germany,1520.71
Japan,1094.19
Japan,1882.41
Canada,1166.58
US,1754.84
Germany,1096.94
France,1621.8
UK,1070.91
UK,2148.43
US,2971.81
Australia,1312.08
UK,1367.84
UK,2486.04
Australia,1866.83
UK,1043.92
France,1734.56
France,1557.59
Japan,1663.67
France,1355.08
Germany,2040.48
Canada,1368.33
France,1998.87
Japan,1685.71
UK,1445.34
Japan,2208.16
Japan,3215.07
Japan,1992.93
Japan,1949.27
Canada,1823.61
UK,1077.85
France,1096.46
France,1782.75
Australia,2681.46
Canada,1359.02
Germany,1220.23
Canada,1537.13
Canada,4150.93
Germany,2557.6
US,2992.61
Germany,2486.72
France,3019.33
Japan,2267.2
Japan,1558.12
Australia,3207.49
Canada,1381.8
France,2638.25
Canada,1623.51
Japan,2909.2
Germany,2752.54
US,2279.98
Japan,2264.26
US,1478.56
US,2094.38
US,1218.91
Japan,1754.24
US,1640.34
Germany,1372.55
Germany,2573.25
US,2438.85
Canada,1965.58
Japan,1404.74
Australia,1228.22
US,2458.62
UK,2475.19
Canada,3389.67
Canada,2143.11
Japan,2815.65
Australia,1314.65
Germany,1635.49
Japan,1867.65
US,2049.13
US,3664.49
Australia,1182.72
France,1307.12
UK,1168.17
Australia,1090.05
UK,1817.38
Germany,1856.04
US,1461.14
US,1824.74
Canada,1947.69
Germany,2100.09
Australia,1224.02
US,1849.49
Germany,3400.32
Germany,2269.79
Australia,1315.54
UK,1140.19
US,2726.45
UK,3263.59
Australia,1852.47
Canada,1816.0
US,3928.89
Australia,1620.79
France,1194.67
Germany,2304.23
France,1138.88
US,1507.15
Germany,1920.38
Canada,1626.63
Germany,1828.22
Australia,2993.15
Germany,2207.92
Canada,2128.95
Canada,1699.44
Japan,2067.03
UK,1105.54
US,2820.03
Canada,1076.39
UK,1192.28
Germany,2339.06
UK,1044.88
France,2201.26
Japan,1228.35
US,2651.75
France,1919.48
Canada,2119.12
Japan,1625.84
Canada,1349.78
UK,1129.63
UK,3125.1
Canada,1693.92
US,1016.84
Australia,2688.34
US,2294.4
Australia,3578.24
UK,1825.13
Canada,1702.73
Australia,3538.96
Japan,1126.76
Canada,1998.24
Canada,2063.49
Germany,2982.66
Australia,2321.96
France,1876.78
Australia,2113.18
Japan,1242.76
US,1184.87
UK,1567.51
Canada,1108.51
France,1421.86
Canada,2227.67
UK,2599.84
Australia,1297.95
Japan,1056.52
US,1781.34
France,2061.26
US,1255.63
Germany,1347.94
US,1226.65
Australia,1317.56
Canada,1323.95
US,1189.71
Australia,1314.94
UK,1494.14
France,1546.14
UK,2522.33
France,2833.34
UK,1632.72
Australia,2575.8
Canada,2227.35
UK,1052.46
Japan,2103.6
US,1586.94
Germany,2103.6
Canada,1418.79
Australia,1860.11
Australia,1496.15
Australia,3726.1
France,2459.58
France,2088.12
Canada,1764.67
Japan,1741.1
UK,2347.48
US,1170.89
Canada,3584.83
France,2306.89
US,1297.4
Canada,1768.58
France,3977.98
Australia,1239.43
Canada,1790.15
UK,2175.93
Canada,2890.2
UK,1928.58
Australia,3002.67
France,1553.07
Australia,2681.56
US,3350.72
Germany,1167.33
UK,1374.86
Australia,2409.91
US,4217.64
Canada,2923.0
Germany,1570.98
UK,1506.03
Canada,2422.2
Australia,1642.17
France,1618.88
France,1539.88
UK,1654.95
Germany,2132.53
France,2925.27
Canada,1243.34
Japan,2675.26
Canada,1173.72
France,1405.4
Germany,1707.21
UK,1867.14
France,3206.68
Australia,1369.55
Australia,1289.1
Japan,2277.8
Canada,1403.01
UK,1499.07
Canada,1221.27
Japan,1516.64
Germany,1394.96
UK,2049.72
Japan,1095.99
Japan,1107.39
Japan,2607.35
UK,1846.79
Australia,2859.46
UK,2064.19
Australia,1179.86
Australia,1923.65
Germany,1232.27
Australia,2128.29
US,3651.19
Germany,1230.74
US,1217.7
Japan,1021.04
Japan,2461.96
Germany,2636.32
US,1324.29
Japan,1140.18
Australia,1785.32
Japan,2945.84
UK,1504.02
Canada,2507.63
Canada,3626.91
Canada,3534.2
US,2066.34
UK,1202.52
France,1250.5
US,1177.84
UK,1007.25
Germany,2712.66
Canada,2458.29
Japan,1105.32
Germany,1113.7
Australia,1067.73
UK,2015.66
Germany,2432.42
Japan,2604.84
Australia,2429.59
US,1015.66
Canada,2243.13
France,2504.55
Germany,1111.33
Germany,1325.16
UK,1413.81
Canada,2483.47
Germany,2025.1
Japan,2313.11
Germany,1502.96
Japan,1776.57
Germany,3154.06
Germany,2712.32
Germany,1549.33
Australia,3210.17
Germany,1066.42
Japan,1760.25
UK,2747.57
Canada,1521.34
US,1373.29
Canada,1750.89
Japan,2854.33
UK,1069.27
Australia,1193.44
Canada,2024.24
France,2079.83
Canada,1012.11
UK,1389.53
Canada,2677.74
Canada,1858.62
Canada,3119.41
Australia,1118.33
UK,1812.78
UK,1756.01
Japan,1478.13
Canada,2016.63
US,2797.16
UK,2575.23
UK,2105.97
Germany,1491.67
US,1146.95
Australia,1138.75
Canada,2823.41
Australia,2214.87
Australia,3441.99
Germany,1582.86
Canada,1220.59
France,1958.28
UK,1171.78
Japan,1259.24
Japan,2952.64
UK,1265.66
Canada,3293.44
Germany,1863.96
Canada,1892.95
Canada,1497.47
US,1507.86
Germany,1123.01
Canada,1975.31
US,1383.43
Japan,1883.62
Australia,1753.64
Canada,2184.19
US,3099.0
US,1453.88
Canada,2264.65
UK,1297.93
Australia,1023.49
Japan,2574.6
Australia,3284.28
UK,1469.47
Japan,1092.42
Canada,1560.79
Japan,2424.96
Australia,1305.66
UK,2287.77
UK,2057.02
Canada,2738.06
Germany,1742.64
France,3734.22
Australia,1463.5
Australia,1653.36
Australia,2342.46
Australia,1008.4
France,1909.65
UK,2298.55
UK,1934.57
US,2738.86
Canada,1685.71
Germany,1061.4
France,1768.77
Japan,1911.59
UK,1469.54
France,3106.14
France,2364.51
Australia,2299.36
US,1433.35
Japan,2315.58
Japan,2185.1
Australia,3367.08
France,1573.69
Germany,1983.24
Germany,1841.55
US,2421.26
US,1582.2
Australia,2543.18
Japan,1040.84
Germany,2459.88
US,1504.19
Japan,1067.08
Australia,3221.66
Japan,2541.75
Japan,2080.12
UK,2446.34
Germany,2279.97
France,2466.32
Canada,3389.44
UK,1191.84
Canada,1717.84
Australia,2006.41
Australia,1850.23
Canada,1194.24
Canada,1198.9
US,2514.39
US,2719.58
Australia,3389.44
Germany,2800.92
Japan,1194.22
France,3059.28
Germany,1960.47
Japan,1374.54
Canada,1156.09
France,2320.76
Canada,2502.33
Germany,2904.95
Australia,1883.53
Canada,1757.96
Germany,1194.07
UK,3236.66
UK,2025.57
Germany,1337.83
Australia,1306.18
Australia,1272.68
Germany,1448.34
US,2905.8
Germany,1234.3
US,1271.24
France,1159.02
Japan,2047.08
Canada,2356.33
Australia,2241.49
Australia,1432.65
US,1186.87
US,1233.61
US,1534.89
UK,2054.94
Canada,2378.11
Japan,3577.67
Japan,3330.85
Canada,1064.41
US,1411.09
Japan,1688.59
Canada,1077.13
Canada,1687.28
US,2320.53
Australia,2403.31
US,1757.38
US,1882.39
Japan,2064.76
France,2722.65
Australia,1257.99
Japan,2047.24
France,1169.11
Canada,2395.4
US,1754.93
Japan,1754.47
US,2932.75
Australia,1609.04
France,1104.37
Canada,1089.31
Germany,3890.48
Canada,3558.95
Japan,1548.09
Japan,1294.95
Japan,2288.37
US,2831.52
UK,1250.44
Germany,1100.25
Canada,1396.68
Australia,2110.57
Japan,1062.07
US,2988.83
Germany,1766.16
France,1654.56
US,2726.93
France,3337.67
Germany,1763.69
Germany,1956.63
Japan,1870.7
UK,2637.82
US,1503.08
UK,1000.84
Japan,3991.23
US,1011.56
UK,2572.23
US,1046.6
US,1614.38
UK,2299.56
Australia,1987.53
Australia,2200.87
Germany,1177.09
US,2137.52
Germany,1433.71
Australia,1387.7
Japan,2712.17
UK,1331.89
Australia,1194.15
Australia,1292.31
France,1070.05
UK,1532.49
Australia,1279.59
Canada,3449.76
Germany,1039.96
Australia,2226.59
France,1671.05
Australia,1100.16
US,3088.27
UK,2477.04
Canada,2040.98
Canada,1208.12
Canada,2669.24
Canada,2647.64
Australia,1313.93
UK,1249.25
US,1255.59
Japan,1260.55
Japan,3543.84
UK,1229.11
Australia,1905.7
Germany,1028.05
UK,1205.75
Germany,1369.93
Germany,1899.27
France,2758.45
Australia,3256.77
Japan,2302.75
US,2526.09
Canada,1810.67
Japan,4072.44
Canada,1984.6
Australia,1561.28
France,1972.21
US,1326.48
Germany,1538.68
US,1720.12
France,1344.04
Germany,2007.5
UK,3223.91
France,1872.63
Japan,2463.97
Australia,1559.71
US,1188.37
Japan,1040.0
Japan,1901.91
Australia,1420.16
US,1579.28
UK,2485.84
US,1000.22
Canada,2462.18
Japan,2846.38
US,1477.28
France,2835.59
UK,1644.88
Canada,3012.08
Australia,1474.95
Japan,2212.1
Germany,2842.44
Japan,1429.99
Germany,1544.93
US,1860.08
Australia,3242.59
Germany,1305.39
France,3293.93
US,2184.21
France,1225.43
Japan,1045.16
US,2454.81
UK,1584.41
Australia,1856.7
Japan,1058.26
US,2676.22
US,3737.27
Germany,1186.31
Canada,1432.64
Germany,1375.18
Japan,1255.99
UK,1801.03
Canada,1709.11
UK,2951.51
France,2017.81
Japan,2893.02
Germany,2092.52
US,3100.38
Canada,2798.79
Germany,2748.78
France,2030.99
Japan,1254.51
France,1650.49
Japan,2056.94
Canada,3308.63
France,1720.19
Germany,1139.77
Germany,2845.71
Australia,2646.24
UK,1467.31
Japan,2198.1
Australia,3205.94
Canada,1333.47
Australia,2494.08
Canada,1043.41
Australia,1000.37
Australia,1692.82
Canada,3800.79
Japan,1148.37
Canada,2103.04
Australia,3404.87
France,2115.09
US,1369.44
Germany,3036.47
US,1503.76
Germany,1393.76
France,1306.12
Japan,1346.54
Japan,1361.85
France,2015.98
Australia,1023.04
Australia,1815.74
Japan,1332.23
France,1049.09
France,1334.31
Canada,2616.99
Japan,2535.93
UK,1449.67
Canada,2082.32
UK,3213.0
Canada,1299.61
Canada,1389.74
Canada,1664.36
Germany,2167.12
France,1411.86
Germany,1908.55
Australia,2313.13
Canada,2000.24
Germany,2518.93
Germany,1412.95
Germany,3315.61
Australia,1470.21
US,1451.92
Japan,3374.2
Germany,1117.1
France,2704.63
Canada,1133.86
Japan,1159.92
Germany,1277.58
France,2639.87
US,3682.94
Australia,1441.51
Canada,1316.65
US,2356.14
Australia,1675.76
Australia,1144.52
France,3112.03
France,1281.02
France,2995.92
Germany,2038.43
Canada,2244.22
UK,1636.71
Australia,1631.53
Germany,2704.58
UK,1578.03
Japan,1181.55
US,1689.23
US,2254.67
Canada,1890.51
US,3585.21
France,2126.01
Germany,1519.09
Germany,1238.1
UK,1082.04
Japan,1045.7
Japan,1684.24
Japan,1009.67
France,1229.85
Australia,1152.5
UK,2076.04
Australia,1030.23
Canada,2943.09
US,1942.78
Canada,2543.79
Japan,3330.47
US,1139.56
UK,1302.93
Japan,1095.96
UK,2021.75
Germany,2121.6
UK,2275.39
France,1121.67
Australia,1224.22
Japan,1565.7
Germany,2968.76
UK,2623.94
Germany,2916.86
UK,1467.08
Japan,1642.26
Canada,2498.67
Germany,3208.04
France,2016.49
US,1992.21
France,1267.05
Australia,1993.42
Japan,3733.26
UK,2601.26
US,2741.79
Australia,2578.03
US,1885.13
UK,1275.57
US,3331.61
US,1946.02
Japan,3378.33
Canada,1115.34
US,1414.99
UK,1944.17
US,1694.41
Japan,2119.87
France,1089.63
Japan,1436.99
Germany,1091.38
Australia,1870.32
Germany,2308.57
Germany,1333.25
France,1060.9
France,2846.05
Australia,2673.68
Germany,1708.82
US,3836.52
France,2797.52
US,2362.73
US,1465.82
Germany,1702.93
US,3353.87
US,1563.98
Canada,3328.95
US,1319.7
UK,1393.46
France,2941.77
Germany,2397.48
Germany,1158.49
US,1573.17
Japan,1299.41
US,2082.74
Australia,1434.97
Japan,1036.34
US,1105.66
US,1181.95
Australia,1238.49
France,2224.13
Germany,1173.97
France,1185.45
Canada,1824.44
UK,1103.86
Australia,1131.21
UK,1138.75
UK,2470.66
Japan,1216.27
Germany,1287.44
France,3009.67
Canada,3167.56
UK,4053.84
Australia,3062.11
Canada,1050.15
US,1330.07
Australia,1857.2
Japan,3271.04
Japan,1645.42
Japan,1518.21
France,2805.77
UK,1487.57
UK,1385.88
France,1241.08
Canada,1728.43
UK,1591.3
Canada,2896.15
Germany,2444.42
France,3204.81
Japan,2479.7
US,1432.16
US,1237.99
Japan,1708.62
Canada,1543.99
Australia,1228.72
Japan,1508.05
Japan,2719.0
US,1980.81
Canada,1670.81
US,4259.84
France,2357.43
France,1522.51
US,1585.66
Canada,1469.85
Canada,1149.8
Australia,2769.69
Japan,1933.17
US,2946.67
Japan,1136.45
Germany,2286.55
US,1830.48
UK,1940.0
Japan,1522.77
Australia,2329.76
Canada,1074.18
France,2090.65
Japan,2260.56
Canada,2408.9
Canada,2342.74
Canada,1551.65
US,2061.9
Canada,1068.05
Japan,1425.43
France,3274.92
UK,1112.91
Japan,1259.77
France,1139.07
US,1057.67
Australia,3332.27
Japan,1331.29
France,1363.01
France,1835.1
UK,1736.82
France,1182.76
Australia,2462.9
Australia,1175.67
US,2566.89
Germany,2218.69
Germany,1674.41
Japan,1765.91
Australia,2093.34
Japan,1447.58
Canada,1712.24
UK,1871.17
Germany,2542.52
Australia,1890.97
France,1120.93
Japan,1854.08
France,2648.08
Australia,2036.27
Canada,2180.53
Japan,1249.4
Germany,1009.61
Japan,1333.01
Germany,1207.47
Germany,1992.98
Japan,1991.8
France,1745.53
Germany,1347.61
Germany,1167.72
Japan,2025.14
Germany,2642.69
Canada,1058.15
US,1296.96
Australia,1549.66
Canada,1265.74
Japan,2961.73
France,1155.02
Australia,3044.15
Canada,1105.1
US,3649.48
Japan,2817.76
Australia,1780.06
France,1289.91
France,1552.56
UK,1995.34
Germany,1738.87
Australia,1003.46
France,2363.82
Canada,1692.48
US,2789.51
UK,1446.07
France,1302.41
Japan,1253.67
Canada,1753.67
Canada,2211.12
Japan,3267.56
France,1098.44
Japan,2359.27
Canada,2269.46
Japan,1333.14
Germany,2126.21
Germany,1853.42
Germany,1745.02
France,2865.93
UK,3037.2
France,1207.12
UK,1504.23
UK,2009.93
UK,2368.02
UK,1795.04
Japan,1094.38
France,1582.74
Canada,1569.74
US,1264.29
Canada,1447.52
UK,1020.06
UK,3574.78
Australia,2910.25
Japan,1048.69
Australia,1289.49
UK,1260.87
UK,1697.34
Japan,1075.56
Germany,1468.41
Canada,1617.22
Japan,1950.16
Germany,1331.08
Canada,2168.96
US,1485.82
UK,1046.59
Japan,1352.62
UK,1955.02
Germany,1265.36
UK,2030.3
France,2036.55
Japan,1407.45
Japan,2697.06
Japan,2202.04
UK,1617.21
Canada,3011.91
Canada,2328.85
Canada,1516.23
Germany,3661.44
Germany,1145.87
France,2272.6
France,1491.78
France,2283.22
France,1878.69
Germany,1519.88
Japan,1620.24
Australia,1979.16
Canada,1730.5
UK,1348.09
US,2077.5
France,1437.07
Germany,1474.72
Australia,3011.05
US,2880.62
UK,1617.31
Germany,1402.65
Japan,1154.65
France,1119.03
Germany,1907.52
France,1747.18
France,2626.09
Japan,1258.32
Australia,1297.94
France,1186.72
France,1628.63
UK,2468.8
US,1436.09
Germany,2601.16
Canada,1144.58
US,2416.65
Germany,1125.94
Australia,1560.42
US,1149.56
US,2264.31
France,1127.68
Canada,2134.27
France,1485.62
Japan,1854.2
Australia,1058.62
France,2197.65
UK,2074.46
Canada,1340.52
Japan,1120.09
Canada,1239.83
Australia,1051.22
Germany,1111.6
Canada,2067.45
UK,1302.81
France,1870.96
Canada,1228.49
Australia,1864.82
Germany,1787.0
US,2234.53
US,1013.33
Canada,2417.18
US,1095.73
US,1477.26
US,2499.29
Japan,2125.45
Australia,1013.72
UK,1505.98
France,2258.14
UK,1422.52
Germany,1304.44
Japan,2569.34
Japan,2032.16
France,1157.27
UK,2410.24
UK,1833.23
France,1276.7
Japan,2962.36
France,2115.65
Japan,1575.08
UK,1450.42
US,1218.39
Canada,1063.81
UK,2197.0
Japan,1933.96
Canada,1626.5
Germany,1790.48
Canada,1665.0
Australia,1682.96
Canada,2877.39
France,1221.14
Canada,4299.39
France,2880.5
UK,1200.07
Germany,1657.82
Japan,3275.23
Australia,1617.18
France,1021.94
Japan,2996.1
Australia,2937.49
Japan,1818.4
UK,2627.11
France,2934.28
US,2065.67
US,1217.73
Australia,1037.68
Canada,2498.52
Canada,1777.82
Australia,1320.13
Australia,3039.25
Canada,2098.86
France,1824.44
Germany,2387.17
France,1981.43
Germany,2570.12
Australia,1638.43
Germany,1329.67
US,2253.12
UK,1035.75
Germany,2951.44
Canada,1758.59
UK,1237.45
Australia,2445.86
Japan,2395.08
Germany,1528.74
Canada,3583.92
Canada,1608.03
Japan,1225.11
UK,1187.04
Canada,3022.65
Canada,2521.46
Japan,2657.12
Japan,1820.56
France,1451.31
Australia,2735.52
US,1677.98
Germany,2411.03
Canada,1763.79
Australia,2431.55
France,2844.89
UK,1504.94
Germany,1803.95
Canada,2948.02
US,1403.32
Germany,2501.05
Japan,3138.04
France,1111.62
Japan,1060.38
Japan,2145.59
Germany,1562.02
France,2438.08
France,1775.87
Canada,2018.72
France,1367.25
UK,1719.35
UK,1444.87
Australia,2494.97
Germany,1995.85
France,1374.97
Germany,1621.18
Japan,1154.15
Canada,1379.45
France,1324.68
US,1112.61
Canada,1053.06
Australia,1198.25
Australia,1758.93
Canada,1888.8
Canada,3133.84
Australia,2385.48
Japan,1832.16
Japan,1747.67
France,1492.72
UK,1021.46
Japan,1337.92
UK,2225.62
Germany,1954.27
Canada,3840.4
Germany,3050.77
Germany,2064.95
Japan,2128.94
Canada,2479.76
Australia,1900.36
UK,1440.01
UK,1939.48
US,1183.13
US,3368.6
Japan,1099.13
Australia,2418.76
Germany,1193.6
France,1285.32
Australia,1153.84
Australia,1239.44
Canada,1678.46
Japan,1553.73
Canada,2840.9
Germany,1318.99
Japan,1187.8
Canada,2378.12
UK,2585.32
Japan,1074.26
Canada,1159.06
Japan,1088.99
Canada,1075.92
Canada,2382.97
UK,2086.8
Germany,3314.02
UK,1277.0
Canada,1569.1
Canada,2938.37
Canada,2522.63
France,2139.08
Germany,1171.08
UK,1535.91
Japan,2179.53
Japan,2304.21
Germany,1064.82
Germany,2461.95
Japan,1356.42
Japan,2624.06
Germany,2919.52
Australia,3185.5
Germany,1276.17
Germany,2209.93
Germany,1346.32
Germany,1900.07
France,1597.86
Japan,3393.37
UK,2392.19
France,1042.59
Germany,1322.4
France,1712.18
France,2632.44
France,1097.58
Canada,2236.25
UK,2033.06
UK,1645.3
Germany,1620.78
Japan,3213.63
Australia,1408.99
Canada,1069.94
UK,1059.8
US,3138.5
UK,2362.99
Germany,2550.52
UK,1174.7
Japan,1390.5
UK,1340.17
US,3064.05
Germany,1040.33
UK,1028.78
France,2318.27
Germany,1719.17
Canada,2355.45
US,1101.18
UK,1270.99
Japan,1608.66
US,2800.88
UK,1557.58
Australia,3670.54
Japan,2444.42
France,1363.17
Australia,2562.62
Australia,1389.93
Australia,1678.43
Germany,1951.6
Japan,3633.33
Japan,2639.76
Australia,2622.72
Australia,1074.79
Japan,2578.53
Japan,1199.11
US,1452.32
Germany,3540.75
France,3025.04
Canada,2154.49
France,1221.81
France,1802.85
Australia,1937.67
France,1748.84
France,2764.76
US,2199.23
Australia,1020.43
UK,2945.67
Japan,1248.27
Germany,1383.28
UK,2124.23
France,1969.66
Canada,1292.12
Canada,2611.26
Australia,1930.92
UK,2757.83
Germany,2395.88
Germany,1361.58
Canada,2087.58
UK,1030.82
France,1270.83
US,2654.62
Canada,1738.34
US,1093.85
UK,1806.16
US,1048.22
UK,2600.46
Germany,1036.16
UK,1241.29
Canada,2528.94
UK,2764.67
UK,1088.6
Japan,2260.99
Australia,2337.64
Japan,1581.08
France,2858.99
US,2158.34
Canada,1846.96
US,1221.2
UK,1387.47
UK,2813.33
France,2930.64
France,2504.77
France,1535.93
UK,1489.12
Germany,2491.74
Japan,2797.02
UK,1506.92
Germany,2778.58
Germany,2405.79
UK,1882.0
Australia,2051.67
Germany,1795.48
Japan,3607.44
France,1596.36
Germany,1841.31
France,1700.38
US,1267.79
Australia,1148.42
Japan,1457.44
UK,1250.01
UK,2261.36
Canada,1413.67
Canada,2344.44
France,1420.02
UK,1994.21
Japan,2611.97
Australia,2487.3
Germany,2810.5
Canada,2233.16
Australia,2905.83
France,1328.02
France,1877.39
Germany,1507.59
US,1806.15
US,2256.57
Australia,2735.19
US,1463.3
France,2521.51
France,2605.4
Australia,2254.63
France,2671.62
UK,2237.83
US,2641.37
Canada,1372.32
France,1163.24
Japan,1347.36
Germany,1341.66
Japan,1426.02
Australia,2012.43
Australia,1107.03
Japan,2822.93
Japan,1462.64
France,1011.74
Japan,1220.3
US,1517.24
France,1953.74
Canada,1519.56
Germany,1969.71
UK,3287.33
Germany,2189.48
UK,1368.12
Japan,1289.34
US,2486.26
Japan,2225.64
France,2921.4
France,1105.8
US,3555.06
France,1464.1
Japan,2321.08
Australia,2759.41
France,2468.47
Germany,1143.19
US,1288.29
Japan,2766.4
Germany,2081.27
Australia,1627.88
Australia,3321.34
France,1421.47
Japan,1266.37
Germany,2391.28
UK,2105.21
Japan,1496.63
US,1014.99
Australia,2982.13
France,2552.56
France,1481.12
US,1098.78
France,1170.0
Japan,2701.65
UK,1437.51
Japan,1332.22
Germany,1075.63
Germany,1878.54
Canada,1749.36
Germany,2302.11
Japan,1808.06
Australia,3430.39
Canada,1590.62
France,3184.37
US,1824.84
France,1901.3
Australia,1053.8
UK,1820.35
US,1099.52
Germany,1299.64
Japan,3015.21
Germany,2480.83
Canada,2203.16
Germany,1564.22
France,1734.72
Germany,2589.47
France,2180.38
France,2751.09
Australia,3004.88
Japan,1733.76
Germany,2801.51
UK,2208.9
US,2004.79
Canada,2120.69
UK,1079.13
UK,1074.93
Canada,1031.76
Australia,1648.03
US,1750.09
France,1252.1
Australia,1893.68
US,2308.17
Canada,1329.88
Japan,1188.0
Japan,1526.74
Australia,2307.4
Australia,1099.39
UK,1266.35
US,1288.83
France,1025.39
Germany,1335.69
US,1455.39
Germany,1161.12
US,2259.77
Canada,1356.87
Germany,3168.46
Japan,2280.67
Germany,1879.28
US,1914.81
Australia,1971.54
Canada,1703.27
Canada,2433.09
UK,1706.28
France,2261.61
France,1276.33
France,2553.5
Canada,2030.05
Australia,2279.4
Japan,1055.86
Japan,2070.4
US,1682.65
Japan,3454.93
UK,2549.38
Germany,1201.43
US,1002.05
Australia,2080.76
Canada,2087.78
Australia,2091.65
Canada,1838.25
US,1870.48
UK,1092.09
Australia,2749.26
France,3846.37
France,1256.85
Australia,3431.31
US,3662.12
Canada,2622.4
US,2022.5
Germany,1592.94
Japan,1894.27
France,2070.88
UK,1848.5
UK,2173.31
Japan,1247.24
Germany,1631.47
US,1219.88
Japan,2036.63
Canada,1522.73
Canada,1062.04
Germany,2366.05
Australia,1008.47
Australia,1297.15
Australia,1196.33
France,2407.33
Japan,1386.34
Australia,1474.18
Canada,2131.01
UK,1096.42
Australia,2447.94
Australia,2875.23
Japan,3052.46
Canada,2317.61
US,3472.69
Germany,1158.35
UK,2219.66
Germany,2127.57
Japan,2053.28
France,1137.14
Australia,2193.91
Japan,2307.94
Australia,2698.19
Japan,1320.72
Canada,2010.85
France,2588.88
Australia,1637.76
Japan,2580.92
Australia,2433.03
Japan,2283.11
France,1465.39
Australia,2887.2
Germany,1111.42
US,1359.73
France,2581.21
Germany,2760.08
US,1200.18
Australia,1257.86
France,1029.04
Canada,1562.26
Germany,3550.59
Germany,2226.84
US,1545.73
Germany,2871.65
UK,3360.9
Canada,2884.67
Japan,1744.66
Australia,3378.33
Australia,2266.9
Australia,1368.88
US,2742.94
Australia,1202.53
Germany,2207.08
France,2136.41
Canada,2459.11
Australia,1048.67
France,3643.56
Germany,2966.18
Japan,1757.97
Australia,1783.52
Germany,1002.78
UK,2773.15
Australia,2397.74
Australia,1215.97
Japan,1183.52
France,1991.22
Canada,3532.72
UK,2033.58
Canada,1729.0
Australia,2864.06
France,1551.53
Canada,2669.28
US,2664.58
Germany,1581.83
Australia,2628.03
Australia,2011.08
Japan,2503.2
Germany,2231.03
US,1672.16
Germany,1908.49
Germany,1849.63
Germany,3203.02
UK,1095.9
US,1276.28
UK,1363.6
France,2113.39
Canada,2411.82
Japan,1452.57
US,1588.72
Germany,2236.97
UK,3601.14
France,1653.72
Australia,1159.77
UK,1977.18
Australia,2119.76
US,2085.26
UK,1782.95
Australia,1126.22
Japan,1662.03
Australia,1040.87
Germany,1970.9
Australia,2825.03
France,1360.03
UK,1076.3
UK,1128.74
Australia,1844.57
UK,1387.28
France,1005.08
Germany,3116.88
Canada,2233.75
Canada,1585.8
Canada,1812.08
Japan,1572.72
Canada,1724.41
Canada,2501.51
Canada,2035.52
US,3010.75
Canada,1384.44
France,1779.84
Germany,1218.18
Germany,1326.42
Australia,1375.79
Australia,2004.65
Canada,1679.96
Germany,1597.03
US,1823.26
Germany,4238.92
US,2708.53
France,2581.93
Germany,1112.98
Canada,1201.38
Japan,2568.49
Germany,2573.82
Japan,1553.79
France,2743.1
Canada,1040.35
US,1930.44
Japan,1563.54
Australia,1074.12
Germany,1180.47
Australia,2451.71
France,3472.39
US,2351.66
Germany,1493.27
UK,1842.05
Japan,2200.89
Germany,2036.86
Japan,3185.55
Germany,1391.66
US,1087.0
US,1367.29
Canada,2258.99
Japan,2597.01
UK,1121.52
US,1632.71
Germany,3137.32
US,3704.68
Japan,1115.11
Canada,1201.25
US,1303.33
US,1054.79
Japan,1560.04
Australia,1664.1
US,1193.98
Germany,1296.37
Germany,2270.45
France,2501.79
UK,1641.05
Canada,1162.05
France,1159.34
Germany,1686.38
US,1187.08
Canada,1256.69
Canada,1345.99
Australia,1549.91
UK,1712.6
France,1543.95
Japan,1436.96
Japan,1768.19
Australia,1710.51
Japan,1736.76
US,3124.35
Japan,3406.94
France,1673.84
US,1626.48
UK,2163.57
Canada,1546.32
Canada,3752.25
France,1069.51
US,1597.31
France,1692.79
US,1105.56
France,1667.72
Australia,2379.01
US,2322.93
US,1133.18
Japan,1555.76
Germany,2269.71
France,1552.67
France,2043.42
Australia,2119.29
France,1909.78
Germany,2198.34
UK,2519.21
Canada,2802.67
France,3271.32
Japan,3096.04
Japan,1327.69
Australia,1712.59
US,2272.5
Australia,1227.03
Australia,1720.31
France,2295.87
UK,1884.22
France,1417.1
Canada,2072.25
UK,1546.19
UK,2809.62
Germany,1178.18
Australia,1258.86
US,1194.84
Japan,2946.37
Germany,2741.88
Germany,1735.91
Germany,1143.4
US,2678.33
France,1452.17
Germany,2137.72
Germany,3508.85
UK,1508.41
Germany,3217.93
Australia,2238.9
Australia,3564.03
US,1403.82
France,2688.49
Australia,1775.38
Germany,4139.45
Germany,1500.81
Japan,2630.99
UK,1163.57
Australia,1239.42
Germany,3143.2
Japan,1604.18
Japan,1505.56
Australia,1705.23
Japan,1009.2
US,1054.92
Germany,1674.43
US,1443.76
Australia,1176.96
Japan,2137.06
Japan,2448.52
Japan,1615.7
Australia,2254.88
UK,1701.5
US,1864.95
Australia,1043.52
France,1531.31
Australia,1196.64
France,1073.38
Australia,1471.84
Japan,1507.03
Japan,1867.72
Japan,2296.39
Australia,1669.96
Canada,1786.91
US,2564.7
Germany,3528.64
Germany,1046.91
Australia,2727.97
Japan,3514.91
Germany,1051.98
US,1079.2
France,1092.27
Japan,1461.01
Japan,1781.04
Canada,1806.71
Japan,2564.46
Japan,1890.95
Canada,1259.3
Australia,1068.79
Canada,1408.24
Australia,1457.92
Australia,3148.41
Japan,1532.1
US,1247.63
Australia,4047.9
France,2181.5
Japan,2447.24
UK,2112.27
France,1861.26
Japan,1844.47
Australia,2583.05
UK,3442.65
Germany,1483.2
Japan,1223.96
UK,2591.0
US,1002.6
Australia,4253.14
Australia,1551.94
Germany,3011.7
France,1894.48
UK,1398.76
US,1484.79
Germany,1881.69
UK,1024.53
Canada,1859.39
US,1107.77
Canada,1172.63
Canada,1506.72
Canada,1924.49
Australia,1808.76
US,2020.38
Canada,2025.59
Australia,1202.06
France,1078.17
US,1734.78
US,2114.66
France,1693.31
US,1358.92
US,3386.7
Canada,1777.92
Australia,1177.54
France,2779.84
UK,1114.22
France,1710.97
UK,2229.82
Japan,3428.6
Canada,1395.01
Germany,2412.77
Australia,1010.47
Australia,1057.5
UK,2803.88
UK,2333.1
UK,1050.65
Australia,1962.81
Germany,1004.04
Australia,2772.67
Australia,3249.06
US,1197.28
UK,2256.79
France,1678.82
UK,1243.16
Japan,4017.4
UK,1875.02
UK,2294.23
Canada,2658.15
UK,2761.98
Germany,2317.81
Japan,1681.23
France,3465.98
Germany,2545.29
France,1227.82
UK,1681.55
Australia,3281.24
US,1957.44
Japan,1100.87
Japan,2740.92
Germany,3848.06
US,2525.2
Germany,1777.58
Japan,1661.45
UK,2442.36
Canada,1974.8
Canada,2961.41
Australia,1253.61
Germany,2150.32
Canada,3153.2
Australia,1498.77
UK,3067.79
US,1309.54
Japan,1919.82
Japan,2056.55
UK,1025.65
France,1612.98
Japan,1099.52
Japan,2065.26
Australia,2823.23
Canada,1003.91
France,1343.68
France,1275.2
Australia,2124.03
France,1381.83
Japan,1250.18
Australia,2893.31
Germany,1158.87
Australia,2504.54
UK,1813.23
Australia,1656.67
France,1305.64
Japan,1758.73
Canada,1973.9
US,1363.56
Japan,1911.67
Canada,1664.78
Canada,3057.31
Japan,1771.64
France,1484.38
Germany,1024.38
Germany,2450.45
UK,1373.41
UK,1820.87
Japan,1886.03
UK,1110.19
Canada,1556.95
Germany,1384.97
Australia,2707.55
UK,2037.31
US,1879.54
Germany,1295.29
UK,1504.27
Australia,2266.36
UK,2328.11
Germany,2539.0
US,3823.91
Germany,2033.39
Australia,1103.97
Canada,1303.11
US,2549.2
Japan,1082.91
Australia,2660.72
Canada,2847.4
France,2007.87
UK,2044.1
UK,1747.23
Germany,2109.48
Australia,1649.72
UK,1609.32
France,1887.23
Australia,2629.21
UK,2459.94
US,3016.62
Germany,1919.52
Canada,1043.94
Germany,2039.03
US,1899.44
Germany,1005.19
Japan,3093.88
Japan,1014.38
Australia,2094.39
US,1914.35
Germany,2588.64
Australia,1858.55
France,1704.3
Canada,3526.04
UK,2322.18
Germany,1763.54
Australia,1357.14
Australia,1467.03
France,1918.61
France,1477.8
US,1724.07
Japan,1071.38
UK,1854.49
France,1398.53
Canada,1625.15
France,1169.02
Japan,1149.4
France,3201.93
US,1002.52
Canada,1603.16
US,1102.24
France,1287.6
UK,2068.27
Canada,2194.37
Canada,2216.91
Canada,2595.73
Australia,2749.85
Canada,2003.95
US,1025.87
Australia,1994.77
UK,2279.04
Japan,1368.53
UK,1030.57
Australia,1189.18
Japan,3775.73
Australia,1022.05
Australia,1700.56
Canada,2309.2
UK,2663.57
Canada,1546.51
Germany,2541.65
US,1341.54
Japan,1471.04
Canada,1246.03
Australia,1020.49
France,1588.21
France,1744.07
Australia,2138.25
Japan,2393.17
UK,1108.16
Germany,3298.95
Australia,2847.78
Japan,1290.0
France,2871.43
Canada,2497.89
Germany,2577.99
Germany,3192.88
US,3360.26
US,2216.32
UK,2764.6
US,3421.13
Japan,2516.37
UK,3108.53
US,1601.67
US,1748.17
Germany,2200.45
Australia,1365.03
Canada,1814.36
Australia,2047.07
France,3329.64
Australia,1690.77
UK,1058.86
Japan,1228.67
Australia,1946.06
Germany,3788.68
UK,2131.5
Germany,1091.3
Australia,1229.76
Australia,1203.25
US,1001.22
Japan,1308.85
UK,1552.46
Germany,1485.84
Canada,3840.49
Germany,1214.69
Japan,2154.04
Japan,1011.11
Germany,1701.39
Australia,2238.95
Germany,1528.14
Japan,1098.71
Japan,1466.62
US,1307.23
France,2460.02
US,1852.03
Australia,2271.87
France,3137.17
Canada,2185.36
France,1830.42
Japan,2375.8
France,1243.57
Japan,1929.48
UK,1619.31
Japan,2562.07
US,2602.46
Australia,1968.85
Canada,2294.74
Canada,2846.41
UK,1724.19
US,2936.6
Japan,3494.89
Canada,2742.9
US,1734.3
Japan,3140.69
Canada,1666.03
UK,1348.89
Canada,4189.36
Japan,1096.67
France,1232.92
Canada,1396.84
UK,1052.46
Canada,2209.79
UK,1093.52
Germany,1633.04
UK,1415.22
Australia,1073.75
Australia,1108.29
France,1703.52
UK,1594.37
Australia,1515.97
Germany,3435.83
Japan,1616.91
US,2438.48
Canada,1448.43
Japan,1443.13
US,1959.66
UK,1720.56
Japan,1019.54
Canada,1273.52
Australia,2225.95
UK,1152.08
Germany,1190.65
Japan,1367.86
Australia,1250.06
US,3143.4
UK,1118.92
US,2006.79
Canada,1674.18
Japan,1593.0
Germany,2341.61
US,1340.3
Australia,1646.09
UK,1676.18
France,2581.46
US,1440.62
Japan,1681.71
Australia,1856.5
UK,2396.03
UK,1096.41
Australia,1402.76
Japan,1312.18
US,1706.35
UK,3814.13
US,1225.24
UK,1357.74
Canada,1072.36
Japan,1268.42
Japan,2193.18
Japan,1204.12
Australia,1278.19
Australia,1553.51
Japan,3195.1
UK,2008.6
France,3249.67
France,4020.94
US,2217.88
Germany,2271.55
Australia,1855.0
UK,1882.48
US,3620.12
Japan,1820.6
Japan,1268.71
France,2082.24
Australia,3100.01
UK,1427.2
Canada,1925.21
France,2430.7
France,1349.22
Germany,1668.48
Germany,2320.37
France,1881.58
Japan,2706.03
Germany,1364.95
US,1379.23
Japan,1751.62
UK,1886.57
Germany,1988.47
US,2717.98
US,1532.66
Japan,1294.93
Canada,3154.74
US,2046.66
Australia,1404.5
France,2824.84
Germany,2576.62
Australia,1803.9
US,1585.89
Canada,2862.42
Germany,1310.78
Germany,1581.77
Germany,2108.9
Germany,2425.36
France,1417.23
US,2621.82
US,2899.64
UK,1906.99
UK,1329.0
Australia,1478.08
Canada,2231.13
France,1125.74
Australia,1002.14
Australia,1523.2
US,2416.0
UK,1571.16
Germany,2281.48
France,1550.72
France,2818.72
Japan,2069.16
UK,1717.09
France,1137.22
Japan,2206.84
US,2053.2
US,1102.45
US,2561.25
France,2063.27
Australia,2392.66
France,1213.41
Germany,1231.55
Japan,2556.82
UK,1908.52
Japan,2011.07
Canada,2401.62
Canada,2854.13
Australia,1031.38
UK,2107.47
France,1200.76
US,1137.48
Canada,1102.16
Australia,1168.51
Australia,1158.96
Japan,1008.34
France,2403.23
Australia,1147.82
UK,3554.16
Germany,1849.46
Japan,1549.6
Canada,2037.36
Australia,1692.6
Germany,1678.36
Canada,2052.59
France,1258.77
Germany,2744.08
UK,2352.15
Germany,1398.63
Australia,2918.67
UK,1026.35
France,1197.64
Japan,3010.75
UK,1465.32
Canada,1287.38
US,2027.3
Australia,1862.96
France,1358.23
Canada,1980.84
US,2333.95
Germany,1876.26
Canada,1167.88
UK,2447.59
US,2914.11
Australia,1177.55
Australia,2515.14
Japan,2218.69
Japan,1812.18
Australia,1334.21
France,1978.64
US,3136.82
Canada,1411.69
Australia,1877.87
Japan,1134.2
Australia,1650.08
US,1410.73
US,1262.75
Japan,1840.15
Germany,2133.16
Canada,1092.35
France,1243.42
Canada,2054.9
UK,1109.05
UK,3773.99
Canada,1391.35
Germany,2585.23
Canada,1895.75
UK,1086.85
Australia,1412.35
US,3507.07
US,1113.8
Germany,2055.95
Australia,1647.41
France,1233.7
Canada,1602.35
France,2349.99
UK,1369.93
Japan,2381.96
Canada,1121.62
Japan,3412.26
Australia,1621.47
France,1724.12
Canada,3166.02
Germany,2457.17
France,1332.48
Australia,1610.73
Germany,1168.19
Germany,1171.56
UK,1680.61
France,1173.4
US,1803.6
Australia,2362.43
UK,1515.64
Japan,1739.0
UK,1268.96
UK,2614.04
Germany,1043.28
Germany,1786.18
UK,2120.56
US,1032.19
Australia,3166.86
France,1763.16
Germany,1810.64
Japan,1530.83
France,1591.7
France,2151.49
Germany,1509.29
US,1424.18
Japan,1308.83
US,1113.96
UK,3299.73
Canada,1230.71
Germany,1348.04
Germany,1390.71
Canada,3447.46
Canada,2478.94
US,2347.59
Japan,2167.94
Canada,1399.83
Canada,1796.2
Japan,1839.01
US,1434.61
Japan,2220.62
Canada,1270.03
France,1508.36
UK,2777.45
Australia,1886.97
Japan,1138.44
US,3083.79
Japan,1311.35
Canada,1251.94
Japan,3745.79
Canada,2541.49
Canada,2674.73
France,1356.89
US,2724.86
Germany,2110.13
US,1492.55
Germany,2062.72
Canada,1725.55
Canada,1260.06
France,2053.73
Canada,1782.05
US,1337.6
US,1871.8
Australia,1072.77
Japan,1533.94
Canada,1528.27
Japan,1412.35
US,3327.48
Canada,3273.42
Australia,1956.29
US,4057.84
France,1760.6
Germany,2307.57
UK,3508.44
Germany,1090.66
Australia,1537.34
Canada,1215.84
Germany,2588.12
Canada,3238.92
Japan,3577.08
UK,1761.26
Australia,3362.87
UK,3535.12
Germany,1256.41
Japan,1542.22
US,1540.5
UK,2826.53
Japan,2308.29
Canada,3470.46
Japan,1306.65
Canada,2373.12
Canada,2338.05
Japan,1656.62
Japan,2379.12
France,1193.73
Canada,1242.19
US,1982.13
France,1039.16
Germany,2204.34
Germany,1827.94
UK,1045.41
France,1034.84
Canada,1361.07
Australia,1106.74
US,1109.42
Japan,2147.29
France,2389.53
US,1142.92
Germany,1740.38
UK,1367.19
France,1672.96
Australia,2665.72
UK,2970.51
Australia,1079.13
Japan,2907.58
Australia,1460.78
Japan,1842.7
UK,2613.18
France,2671.78
Australia,1331.48
Canada,2983.04
Canada,3197.69
Canada,1013.1
Japan,3207.01
Australia,2367.51
US,1259.4
Japan,1065.72
Australia,2353.84
Canada,2439.25
Germany,1258.15
Australia,2117.15
US,1799.5
Australia,2615.82
Canada,1155.87
Germany,1405.28
Germany,1014.96
Japan,1097.41
Australia,3183.81
Canada,2134.31
Australia,2193.79
UK,2075.72
UK,1260.0
Canada,1126.79
Canada,1139.81
Germany,1360.01
Canada,3347.53
Australia,1457.2
Germany,1194.94
US,1072.16
France,1480.25
Canada,1387.87
UK,1241.93
Canada,1801.09
US,1242.3
Canada,1537.19
Germany,1071.19
Canada,1159.51
Australia,1529.33
Germany,3055.64
France,1258.52
France,2714.21
Australia,1239.09
France,1965.08
Japan,2703.37
Canada,1778.24
Japan,3163.13
France,3850.18
Australia,1077.98
France,3279.6
UK,2074.59
Japan,1736.93
France,3218.88
US,1386.21
US,1068.93
UK,1149.7
Germany,2346.14
UK,1430.24
Germany,1097.83
France,1089.81
Germany,2876.03
Australia,1598.46
Canada,1135.9
France,1888.47
France,1404.26
Germany,1014.86
US,2475.02
Germany,3158.32
Japan,1145.86
Canada,2655.69
France,2979.03
Japan,1446.56
France,1212.07
Australia,1521.95
Australia,1550.1
Japan,1344.73
Canada,1254.21
Canada,3010.02
France,1054.57
Japan,2283.1
US,1285.55
UK,1041.5
Australia,2457.75
Germany,3047.46
Germany,2299.63
US,2990.22
Japan,1209.76
US,1296.31
US,1065.72
France,1218.27
US,2005.65
Canada,1017.43
US,3109.29
UK,1201.05
Germany,1676.11
Japan,2503.37
Japan,2478.31
Canada,2091.61
Canada,4031.43
France,1443.62
Germany,2636.85
Australia,1658.36
Australia,1261.44
US,3851.7
Germany,1702.73
Australia,1587.47
Australia,1832.07
US,2255.63
Canada,2465.81
Canada,1495.66
UK,1407.55
Germany,2471.22
US,1349.05
France,3025.8
UK,1662.58
US,1783.44
Germany,1310.72
US,2588.57
UK,2480.13
France,2983.13
Japan,1743.73
Germany,1421.66
France,2518.06
France,2737.59
UK,2403.26
France,1621.51
France,1820.63
Canada,2901.64
France,1073.05
France,2357.8
Germany,1972.53
France,2070.83
UK,1093.55
Germany,2149.79
Australia,2930.59
Canada,4294.87
UK,1749.03
Australia,1432.44
Australia,2271.24
US,2719.58
US,1638.17
Australia,2302.29
UK,2495.64
Japan,1358.38
UK,1767.05
US,2669.7
Canada,2175.41
UK,1000.09
Germany,2832.79
UK,1802.1
UK,2906.49
UK,3443.83
US,1166.89
Australia,2280.13
UK,1876.52
Japan,2157.94
Japan,1204.27
Japan,1765.3
Australia,1007.03
Japan,1164.18
US,1903.55
US,2284.86
Germany,1768.88
Australia,1798.09
France,2036.89
UK,1301.96
France,2177.87
Germany,1514.87
US,2041.16
Japan,1350.07
UK,1454.62
Australia,4236.72
Japan,1238.36
France,2406.04
UK,2361.51
US,2216.96
Australia,1256.07
UK,1816.78
Australia,2761.78
UK,3376.62
US,1750.68
US,1309.52
Japan,1362.43
Germany,1132.32
Japan,1066.67
Canada,2335.44
France,1220.78
Germany,2679.3
Japan,2184.84
Canada,1314.81
Australia,1865.49
Japan,2097.52
Germany,1090.95
Australia,1695.71
UK,1159.19
Australia,1125.21
Germany,1253.5
Australia,2086.68
Japan,2461.04
UK,1808.12
US,1771.9
Australia,1018.61
Australia,1150.56
France,2454.01
Canada,1349.59
UK,1142.31
Japan,1318.18
Canada,1089.0
UK,1453.27
Japan,2118.2
Canada,1035.13
France,1453.61
US,1400.84
Germany,2097.29
Germany,2186.2
Japan,1046.94
UK,1823.85
Japan,3741.86
US,1675.03
Australia,1860.99
Australia,1465.58
US,2002.3
Germany,1307.76
Canada,1314.11
Canada,2019.81
Canada,1814.17
US,1228.62
US,1361.27
US,1146.84
Canada,2448.47
Australia,1191.5
UK,3449.73
US,1859.38
Australia,1599.84
Australia,1825.92
Canada,3111.91
Japan,1178.7
France,2350.88
US,1825.86
UK,2582.0
US,1760.62
UK,2588.83
France,1126.94
US,1725.91
Japan,2987.35
US,1261.6
Germany,2047.79
US,2586.39
France,1797.32
Canada,2289.89
US,2769.04
France,1585.48
UK,1187.97
France,1038.12
France,2076.86
Canada,1431.5
France,1492.99
Australia,1226.34
Germany,2551.08
Australia,1031.78
US,1928.42
France,2329.46
US,2246.56
Australia,1085.35
Germany,1182.43
Germany,1553.76
UK,3655.86
Germany,2313.72
Canada,1125.62
Australia,2335.88
France,1467.33
UK,1179.88
Japan,3206.64
US,1451.76
France,1853.18
UK,3793.39
UK,1800.79
US,1957.69
Australia,1348.53
Germany,1285.01
France,1803.38
US,1453.15
Japan,1509.81
US,3303.08
US,1442.76
France,1127.94
UK,2049.38
Germany,1245.23
Canada,1989.47
Australia,1865.24
Germany,2969.39
France,2754.6
Australia,4004.61
France,2248.17
US,2007.68
Japan,1142.95
Germany,1482.2
Germany,1401.08
France,2425.25
Japan,1085.06
US,1466.27
Germany,1461.22
US,1865.03
UK,3273.18
UK,3056.75
Australia,1744.02
Germany,2043.47
US,1948.03
Australia,1034.1
France,2495.6
UK,2475.01
Japan,1663.7
France,1115.27
Japan,1845.69
US,3355.04
Germany,1075.39
Australia,1076.55
UK,3093.6
Australia,2395.5
Germany,1710.94
UK,2426.58
Australia,1203.69
Germany,1260.98
US,2536.58
US,2420.67
Australia,1460.92
Canada,1351.48
UK,1713.08
US,4157.41
Australia,1347.17
US,1938.18
Japan,2168.11
Australia,2760.65
Japan,2442.66
Australia,2288.81
Australia,1729.96
UK,1106.0
Australia,1811.78
UK,2645.51
Japan,3197.33
Japan,2271.01
Germany,1008.08
Canada,2186.16
Australia,1131.38
UK,1255.34
Canada,2678.7
Canada,1400.75
Australia,1684.71
Canada,1144.85
UK,1273.07
UK,1194.19
France,1139.46
Canada,1734.25
Canada,3174.61
US,1721.03
Australia,2058.89
Germany,1804.56
Germany,3592.6
UK,1092.89
UK,1800.84
Canada,1055.37
Canada,1444.27
UK,1181.9
Germany,1768.35
US,2247.05
US,2538.62
Canada,2499.48
Germany,2704.94
Germany,2108.9
US,3124.71
UK,1681.46
UK,1449.98
Germany,3105.81
Australia,1533.35
Canada,2272.33
Australia,1876.63
US,2485.48
Australia,1055.19
Canada,1239.26
US,2249.0
Canada,1955.99
Japan,1336.78
US,1441.06
Japan,1869.75
US,1656.21
France,1592.82
Canada,1221.59
Canada,1899.13
Australia,2491.19
Canada,2014.51
Japan,3503.79
Canada,1463.19
US,3136.56
US,2182.95
Japan,2645.39
Japan,1125.24
Germany,2012.38
US,1547.95
Germany,1692.93
Germany,2341.03
UK,2836.31
Japan,1084.56
France,1036.36
Australia,1323.61
Germany,3601.97
Japan,1023.01
Germany,1746.85
Australia,1043.16
Germany,1782.22
UK,1006.67
UK,1633.38
US,1895.67
Japan,1038.05
Canada,1188.84
Australia,2736.95
Japan,2606.14
US,1503.82
Japan,4267.09
Japan,1480.58
Japan,1373.88
UK,1770.45
Canada,1118.44
Australia,1616.19
US,1239.96
Germany,1955.18
Germany,3264.69
Australia,2696.3
US,1042.75
US,1178.17
Australia,3181.43
France,1865.13
Australia,1936.26
Germany,1061.74
Germany,2729.49
Canada,1554.99
Canada,1110.4
Canada,2921.09
US,1022.47
UK,2811.28
France,2412.67
Australia,1081.99
Canada,1971.37
Germany,1705.51
UK,1261.82
Canada,1645.56
UK,1438.34
UK,1791.76
UK,2481.5
Canada,2540.61
Japan,2476.05
US,2743.68
Japan,2457.2
US,2789.4
Japan,1846.9
Australia,1587.23
Germany,1321.9
France,2045.58
Australia,1528.83
Canada,3333.66
Japan,2843.41
US,1822.02
Japan,1900.69
Canada,1434.73
France,2099.18
Japan,1202.4
Canada,3163.95
Canada,1167.23
UK,1851.89
Japan,2107.03
Germany,1500.53
UK,2358.6
US,1016.44
Japan,1494.88
Japan,1068.64
Australia,1716.39
UK,1091.59
Germany,1357.15
Germany,2384.89
France,2187.9
US,2383.25
UK,1037.54
Canada,1182.03
UK,1807.89
France,1659.72
Australia,1249.0
UK,1051.65
UK,1728.97
Germany,2643.24
Japan,1893.94
France,1661.99
France,1236.44
Japan,1955.57
UK,1180.23
France,3834.82
UK,2537.67
Canada,1018.18
Japan,2464.6
Canada,3296.21
Germany,3712.53
UK,1499.47
Australia,3285.71
Germany,1225.08
Canada,1221.38
Japan,1049.84
Germany,1479.33
Canada,2631.19
Germany,1248.49
UK,1710.59
Canada,1365.83
France,1043.44
US,2932.17
France,1218.04
US,1598.15
Canada,1003.18
Canada,1078.6
Germany,1706.73
France,1884.53
UK,1495.33
Japan,1724.29
Australia,1582.89
UK,1296.88
Canada,2676.79
UK,3082.49
France,1810.71
US,2268.5
Germany,3990.18
Australia,1396.81
UK,2035.81
Germany,1264.44
US,1160.37
Canada,2229.06
France,2041.01
France,1350.07
Germany,2580.02
Canada,1444.42
France,3007.92
UK,1014.84
UK,3915.99
Japan,1405.64
Australia,2041.68
US,1256.06
Australia,3059.12
Australia,1548.13
UK,2641.85
Canada,1848.83
US,1201.91
Australia,1472.4
Australia,1434.23
UK,1700.79
France,1801.62
UK,1914.86
Japan,1305.73
UK,2138.79
France,2082.13
Germany,1890.49
France,1132.91
Canada,1090.35
Japan,2478.95
UK,2669.37
Japan,1150.18
Germany,1084.44
Canada,2443.68
Australia,3467.36
Japan,1440.54
Australia,1123.59
Japan,1241.12
Japan,2112.13
Australia,2892.25
France,1570.17
France,1985.6
Germany,1339.4
Canada,1286.48
UK,1092.93
Germany,3168.61
Canada,2625.15
France,3055.91
Australia,1342.62
Germany,1047.38
Australia,1081.64
France,1800.63
Canada,1188.19
Canada,1228.75
US,1336.7
Germany,2931.7
US,1126.11
Australia,1409.75
UK,1822.5
Germany,1186.98
Canada,1166.02
Japan,1824.25
Australia,1356.5
UK,2278.94
Australia,1849.83
Australia,2790.07
US,1523.94
US,1338.21
Canada,3036.13
Australia,1000.18
Germany,1646.24
France,1338.45
UK,1432.16
Australia,1389.44
UK,1739.71
Germany,1688.45
Australia,2230.73
Germany,1344.04
Canada,1203.44
Australia,3032.59
Germany,3080.51
Canada,1458.68
UK,3095.02
Canada,1256.52
UK,2388.62
Germany,2893.44
Australia,2653.95
France,1136.96
France,1817.0
Japan,1868.08
France,1654.8
Canada,1750.79
UK,2208.28
Japan,1487.8
Germany,3278.51
Germany,1083.08
US,1165.58
Germany,2621.78
US,2060.71
UK,3093.26
Germany,2780.75
Australia,2963.58
US,1342.97
Japan,1583.99
Germany,1334.3
Japan,1008.99
US,1650.44
UK,2318.59
UK,2688.21
US,2716.0
Australia,2438.15
UK,1294.52
UK,1602.6
France,1120.21
UK,1640.18
UK,2425.72
Canada,1120.36
Australia,2350.15
Japan,1383.2
Germany,4017.43
Japan,1201.4
Australia,3022.07
Germany,1196.99
US,1223.48
France,1689.08
US,1435.77
US,2103.4
Germany,1273.28
US,2664.61
Australia,2409.71
Canada,1156.97
UK,1271.33
UK,1179.55
Germany,1196.49
Germany,2565.39
Germany,2261.82
Germany,1852.82
UK,1530.27
Germany,1059.0
Australia,1886.32
Australia,2716.8
Germany,1590.23
Australia,1665.03
Germany,1686.07
France,2333.5
US,1466.25
Germany,2118.52
US,1949.95
Australia,1236.32
US,1143.48
Japan,1483.44
Australia,3861.78
France,1017.99
Japan,1853.07
UK,2690.36
France,2416.42
Australia,1852.95
Japan,1281.75
Australia,1142.79
Germany,1323.75
Canada,2128.64
US,2012.12
Germany,1299.36
UK,2392.3
US,2776.64
UK,1453.08
UK,1733.23
US,2573.47
Germany,3479.58
UK,1035.02
Germany,1030.49
US,1997.13
France,3028.1
France,1353.66
US,2690.93
US,1874.48
France,1216.84
Germany,1653.15
US,2152.4
Japan,2683.58
UK,1043.21
Canada,2402.36
Germany,1775.39
France,1101.07
Canada,2020.59
UK,2284.96
UK,1966.77
UK,1107.5
Australia,1127.72
Germany,1560.17
US,1871.9
UK,1110.72
France,1750.7
Australia,2532.47
Australia,2607.02
US,1711.8
UK,2495.64
Canada,2608.92
UK,2625.57
Canada,1226.32
France,2870.4
US,1158.6
Canada,1691.03
Canada,2622.28
Australia,1623.87
Canada,2601.86
UK,1252.02
Germany,1169.06
Germany,1336.19
Canada,2375.29
UK,2326.78
UK,1162.75
Canada,1400.04
France,1352.72
Japan,1062.31
Canada,1370.43
Canada,1162.34
France,2400.34
US,3056.32
Australia,1744.6
Canada,1424.44
France,2614.26
Japan,1070.05
Canada,1396.02
UK,1504.83
Australia,2155.81
Australia,1078.04
France,1721.54
UK,1060.11
US,2170.25
Japan,2503.96
US,1808.39
Australia,3247.9
Australia,1584.43
France,1433.29
Germany,2135.12
France,2120.47
Canada,1048.23
Australia,1082.21
Australia,2105.26
France,2217.28
US,1262.87
US,1485.5
UK,1238.31
France,1933.84
Canada,2436.58
UK,1288.91
Canada,1970.1
Germany,1949.24
Japan,1220.95
France,1191.04
Canada,2984.38
France,1693.72
UK,1657.56
US,2046.49
US,1022.85
UK,1392.45
Japan,2962.02
Germany,1277.81
Australia,2292.62
Japan,1002.08
Germany,1118.09
Australia,1625.04
Germany,1974.87
UK,2503.99
Japan,1928.76
Australia,1681.47
Australia,1531.94
France,1797.03
Canada,3069.85
Japan,1509.98
UK,3028.96
UK,2057.17
Germany,1371.05
France,1464.54
Australia,3007.22
France,1302.23
Japan,1487.86
UK,1096.46
Australia,2511.95
Canada,1440.48
Germany,3651.41
UK,1976.46
US,1658.56
UK,1189.83
UK,1196.19
France,2355.13
UK,1202.11
Canada,2872.8
Germany,1130.66
US,1257.66
Canada,1114.62
Canada,1008.62
Japan,1040.81
Australia,1689.02
France,1351.04
Australia,1444.27
Canada,2544.39
France,1448.04
Australia,1758.29
Germany,1119.47
US,1646.35
UK,2204.76
US,2240.33
UK,2388.18
Australia,3812.56
France,1309.98
Canada,1602.35
Japan,2633.02
France,1362.61
Australia,1275.05
Japan,4268.47
Germany,1419.46
Germany,3226.12
US,2100.0
Germany,2202.27
Germany,2189.62
US,2988.87
Germany,1261.18
US,1191.39
Germany,1582.04
France,3288.91
UK,2338.42
Japan,1125.06
Australia,1075.83
Germany,1194.48
Japan,1761.95
France,1013.11
Canada,1754.34
UK,1615.87
Japan,1458.5
UK,1765.52
France,2042.26
Japan,4255.36
Australia,2756.76
France,1166.38
Germany,1001.75
US,1104.77
Canada,1503.71
Germany,1068.35
Germany,3933.04
UK,2020.67
UK,1398.7
US,1261.67
France,1035.35
Japan,2902.16
Germany,1043.81
France,1649.74
Australia,3159.45
France,1425.91
Canada,1555.19
Australia,1874.49
Japan,1181.46
Japan,1145.55
Australia,1374.9
Japan,1217.7
UK,1013.13
UK,1048.44
Germany,2207.28
Germany,1353.04
Canada,1439.63
France,1583.54
UK,1390.42
Japan,1567.91
Australia,1376.68
US,1330.94
Australia,1136.21
France,1436.29
US,2724.7
France,1603.69
France,1953.58
Australia,3264.59
Germany,2175.17
US,2204.08
Japan,3877.32
Canada,1504.53
Japan,1729.43
Australia,1777.38
Germany,2131.5
France,1093.3
France,1720.05
US,1426.96
US,1485.43
Canada,1961.33
France,2428.59
Australia,1173.6
Japan,1231.68
Canada,2160.27
Japan,1715.36
Japan,1728.7
Canada,1190.14
US,1978.42
France,1620.29
France,1733.36
France,2621.09
Germany,1285.42
US,2558.55
France,1059.04
France,2984.29
Canada,1413.24
France,1223.45
Japan,1122.04
Germany,2332.68
Germany,2037.5
France,2891.9
Canada,2921.62
UK,1788.14
Australia,1539.25
Germany,2261.28
Japan,1246.83
US,2693.27
Australia,2253.76
Germany,3872.97
France,3003.54
US,2462.3
France,2052.93
Australia,1487.98
Canada,1977.91
Australia,3012.66
Canada,1285.21
France,2936.7
UK,1767.08
Canada,2270.13
Japan,1422.49
France,3644.81
Australia,2018.64
Canada,1046.39
France,2509.56
Canada,1952.77
Germany,1628.59
Japan,1664.94
France,1284.7
Germany,1375.97
Australia,2626.32
Canada,1754.18
France,1392.56
Canada,2597.68
Australia,3202.05
France,1249.35
France,1209.98
US,1016.44
Japan,2625.72
Japan,2351.07
Germany,3204.57
UK,1179.83
UK,1433.54
Canada,1781.76
France,2211.17
France,1316.77
France,2650.84
Canada,1980.13
Japan,3343.29
UK,1707.44
Germany,2372.59
France,1491.06
Germany,1425.09
US,1021.2
Canada,1706.49
France,1802.97
Germany,1238.97
Canada,1710.27
US,1066.11
Australia,1988.43
France,3070.35
France,1780.57
France,2646.91
Australia,2801.05
Australia,1264.86
Germany,1555.99
Australia,1966.79
Australia,2568.57
US,1755.51
UK,1785.92
Canada,2214.63
Japan,1220.19
Germany,1100.65
Canada,2279.13
US,1460.43
Japan,2884.52
US,1062.62
France,3125.48
Australia,1647.22
Germany,2180.74
US,1452.22
Japan,1733.02
US,1109.0
Germany,1098.17
France,1497.43
Germany,1629.45
UK,1807.54
Germany,2635.26
US,1004.84
Canada,2057.63
UK,1526.26
Australia,1742.79
Japan,1817.15
Japan,1001.79
Canada,3435.77
Germany,1156.14
Canada,1543.92
Australia,1752.49
Canada,2528.88
Canada,1410.59
Germany,1743.82
UK,1481.02
France,2122.91
UK,1353.76
Australia,2004.77
Canada,1469.45
Germany,2163.46
Canada,3273.77
Germany,1447.66
US,1217.3
Japan,2345.23
Japan,1146.6
Japan,2912.87
France,1726.61
Japan,1790.32
US,2382.45
Canada,1412.37
US,3826.33
France,1315.06
France,2258.8
Canada,1515.55
Germany,1835.54
Australia,1443.84
Germany,2456.38
US,2722.44
Australia,1123.98
US,1080.31
Germany,1224.95
France,3744.59
Australia,2876.42
Japan,1428.02
France,1817.48
UK,1073.46
UK,1125.44
Australia,1047.22
US,1727.55
US,1159.32
Australia,1004.46
Japan,1424.34
France,2486.15
UK,1935.64
Japan,2538.99
France,1682.62
Canada,1047.96
France,4009.48
UK,1202.08
France,1271.98
UK,1988.78
Australia,1100.42
US,1072.32
US,1057.8
Australia,3456.65
Australia,1165.7
France,1750.9
Germany,2013.92
UK,1656.45
Canada,1795.1
UK,1091.6
Australia,2377.64
France,2275.99
Germany,2388.97
UK,1669.61
Japan,1222.11
US,1698.85
Australia,1258.18
Canada,2116.65
Germany,1778.34
Japan,1613.2
US,1711.12
Germany,1800.21
France,1615.2
UK,1007.68
UK,1372.95
US,2333.03
Japan,1000.43
UK,1723.63
UK,1190.76
Japan,2223.28
Australia,1682.1
Australia,1585.97
Canada,1356.66
UK,1263.31
US,1134.75
Australia,2741.93
Australia,2475.14
Japan,1839.89
Australia,1195.36
France,1105.34
UK,3068.51
UK,1051.75
Canada,3112.11
France,2513.73
Germany,2146.04
US,1559.49
Germany,1865.93
US,3134.64
Japan,1642.86
Germany,1237.03
Canada,2028.75
Germany,1295.48
Australia,1886.77
France,3014.65
US,2286.45
Australia,1342.3
Germany,2367.08
France,1520.16
Japan,1549.73
Germany,1120.43
Canada,1258.1
Australia,2171.03
France,1311.21
UK,1039.64
Canada,1485.62
US,2475.98
France,3600.01
US,1906.02
Japan,1626.78
Canada,3124.54
Canada,1558.86
UK,1152.05
Canada,1321.62
Canada,1164.56
Germany,1935.81
US,2529.43
Japan,3794.32
Canada,2844.66
US,1568.78
Germany,2673.11
US,1151.65
Germany,1755.41
US,1472.0
US,1154.78
Japan,1116.83
Australia,1433.5
Canada,1777.26
Japan,4025.65
Germany,1028.16
Australia,3821.88
Canada,1856.12
Japan,2777.08
UK,3181.15
UK,1223.62
Australia,1244.47
France,1693.58
Germany,2309.8
Germany,1036.43
US,1068.13
Japan,1087.57
Japan,2342.07
Australia,1538.93
US,1726.03
Canada,1171.61
UK,1183.3
UK,2825.28
US,1860.52
Germany,2427.78
Canada,1158.15
US,1771.87
France,1154.95
France,1142.08
Germany,1380.58
Japan,3439.38
Japan,1195.1
UK,1413.2
France,1615.86
Canada,1324.66
France,1710.74
Japan,1833.35
Australia,2514.06
Australia,1278.69
Canada,3963.47
Germany,1016.63
Australia,1928.81
US,1241.18
UK,1144.92
Japan,1116.77
Australia,1537.78
Canada,1572.57
France,2345.61
France,4087.76
US,2061.31
Australia,2224.17
France,1582.04
US,2153.03
Australia,1435.84
US,1636.63
Germany,2499.31
Germany,1171.71
Germany,2176.04
US,1933.6
Canada,2570.42
Germany,2172.65
Canada,1770.91
Australia,1694.3
France,2787.88
Australia,2199.96
Australia,2084.0
Australia,1331.54
Japan,1158.4
Germany,2077.46
UK,1944.28
Australia,3407.29
Germany,2455.59
US,1353.29
Germany,3588.52
Australia,1772.26
Japan,1748.43
Japan,1525.16
France,1588.39
Australia,1600.31
Canada,2202.14
France,1333.33
US,1004.8
Japan,1966.92
Germany,1020.93
France,1117.88
Japan,1995.99
UK,2237.03
Germany,1742.11
US,1125.1
Australia,1250.61
Australia,1085.05
Canada,3014.05
UK,3004.45
US,1884.95
France,2428.29
France,2900.08
Canada,3198.57
Canada,2252.48
US,3525.3
France,1450.97
Canada,2071.51
Australia,1389.73
Australia,1913.92
Japan,1072.76
US,2109.77
US,1370.8
Australia,1092.7
Japan,2022.22
Canada,1350.77
Germany,1122.72
US,1415.78
Australia,1583.6
Japan,1549.65
France,1222.17
Australia,1294.57
Canada,1037.67
Canada,2095.09
Germany,2732.04
UK,1114.73
Germany,2637.18
Japan,1224.9
Canada,1757.33
Australia,1306.37
US,1273.21
UK,2316.85
France,1796.04
Canada,1682.43
Japan,2923.03
UK,1267.84
Japan,2508.73
Canada,1444.52
Germany,1942.69
France,1089.9
US,1376.37
Germany,3938.91
UK,1019.04
Japan,1755.34
Canada,1044.56
Canada,2911.96
France,1738.48
Germany,2219.68
Japan,1792.34
UK,3637.97
US,2384.24
US,3056.46
Germany,1996.05
Canada,2909.67
US,1757.29
Germany,1944.49
Germany,3132.32
Australia,1163.21
Germany,1041.25
Japan,3492.22
UK,2267.27
UK,2554.64
US,2601.07
US,1292.44
France,1581.13
US,2680.71
Japan,3085.11
France,1734.78
Germany,2940.31
France,1626.81
Japan,1174.84
France,1884.61
Japan,1019.35
Germany,1035.23
UK,1608.26
UK,1335.88
Australia,2393.76
UK,1327.1
Japan,1712.22
Japan,1220.78
US,1653.21
Canada,1103.71
Australia,2861.4
Germany,2104.3
US,1709.42
US,1333.73
France,1229.72
US,2650.25
Japan,1261.14
Germany,1030.72
France,3026.92
Australia,2194.79
US,1894.45
Australia,2112.1
UK,2377.95
UK,1039.69
UK,3064.55
US,1476.05
UK,3433.85
Germany,1880.07
France,3969.87
France,3509.26
US,1133.04
France,1147.33
Germany,3761.11
Japan,1482.62
France,2263.92
Australia,3234.0
Germany,2769.34
UK,1129.5
Australia,1020.81
Canada,1301.79
Canada,1640.83
Germany,1044.18
Japan,2354.03
Japan,2436.15
US,1847.06
Canada,2830.57
Australia,1305.29
Australia,1086.82
France,2311.17
Germany,1175.95
Japan,2942.07
Japan,1252.41
Canada,1320.72
US,1696.45
Australia,1145.76
Japan,1360.48
France,2265.16
UK,1179.99
Australia,2215.22
Australia,2888.31
US,1483.52
UK,2109.47
Canada,1177.27
Australia,2636.55
UK,1702.13
UK,1879.58
Japan,2590.84
Australia,1433.28
Germany,3054.81
Australia,2490.04
France,2834.82
Canada,3510.56
Germany,1271.12
Japan,2635.35
France,1948.99
Australia,1056.4
Germany,3191.55
US,1961.06
UK,1474.04
Germany,1248.95
Canada,1936.99
France,1415.86
US,1630.81
UK,1591.52
Germany,1093.49
France,1371.03
Australia,1562.5
France,1258.82
Canada,1779.21
US,2238.36
France,2815.45
Japan,2996.34
US,3537.17
Australia,1309.17
US,3184.35
France,3477.22
Germany,3539.85
France,1079.29
France,1973.31
UK,1617.92
Canada,1827.99
Australia,1255.81
Australia,1094.16
US,2721.64
Canada,2264.32
Canada,3524.28
Australia,2050.25
Japan,1622.84
Australia,1638.44
France,1843.76
Canada,1164.26
US,1256.11
Germany,1103.05
France,2410.76
Canada,2376.26
Canada,1246.06
UK,1449.87
US,4365.9
Japan,1648.84
US,1079.31
France,1199.36
UK,1118.08
UK,1195.48
UK,2632.88
France,1736.09
Canada,1490.62
France,1085.4
Canada,2693.04
UK,1366.54
Japan,2678.26
France,2111.16
Canada,1217.72
US,1034.84
UK,1364.4
Australia,2006.04
France,1726.32
US,1848.65
Canada,1400.27
UK,2909.06
Japan,2933.65
Japan,3656.6
France,1843.52
France,1906.88
Australia,1725.84
UK,1549.19
Australia,2263.54
Germany,2772.95
France,3368.78
France,1698.34
Australia,2875.48
UK,3029.69
France,1721.66
Canada,3227.7
US,1678.09
US,1204.23
France,2975.18
UK,1495.98
US,1273.47
Germany,2824.22
Germany,2087.45
Canada,2005.16
US,1002.76
Japan,4119.75
UK,1614.48
US,1665.47
Japan,1512.87
US,2113.57
Japan,2333.41
US,1192.95
Japan,1160.84
Japan,2061.44
France,1733.09
Germany,1378.61
France,2411.23
Japan,1090.87
Australia,2612.95
Canada,1352.68
US,2234.82
UK,1073.17
US,1618.72
US,1325.97
Australia,1049.65
Germany,3836.24
France,1134.45
Canada,3937.03
Canada,2378.12
Japan,2502.82
US,1470.46
Australia,1176.71
US,2004.57
France,1246.19
Australia,2082.42
France,2219.76
Australia,1169.77
Germany,1066.56
Canada,1055.93
Canada,2273.4
Canada,1429.18
UK,2199.04
Canada,1151.31
France,1862.87
Germany,1258.52
US,2442.77
Canada,1943.35
Canada,2880.86
Japan,1057.48
UK,1352.99
Canada,1959.03
UK,1586.39
Australia,1062.18
Australia,1940.56
UK,2641.6
Australia,3534.38
Germany,1290.59
US,3078.5
Germany,2221.56
US,2723.84
UK,1790.47
Australia,3005.56
Germany,1205.68
Germany,1932.61
UK,2080.88
Germany,1495.46
France,2918.62
Japan,1490.69
Australia,4205.79
Japan,1009.05
Canada,1252.92
UK,1365.62
France,2508.88
UK,1993.14
France,1938.55
Canada,1402.33
UK,1246.58
Canada,2853.65
France,2131.77
UK,2388.65
US,2735.91
UK,1888.73
Japan,2744.12
Australia,3255.21
Australia,2277.46
France,2910.73
Germany,2465.81
US,1773.88
France,1272.03
Japan,3862.07
Germany,1721.78
US,1318.69
Australia,1421.31
UK,1641.62
Canada,3415.53
Germany,1813.88
France,2278.1
US,1321.79
Canada,3632.69
Australia,4164.79
Germany,1102.05
Canada,1656.4
Australia,2813.53
Australia,1196.2
Australia,1931.34
US,3246.16
UK,2991.84
US,1594.95
Germany,2337.68
Japan,1644.47
Germany,2180.11
Canada,2136.32
Germany,1360.6
Canada,1455.48
Australia,2242.32
UK,2011.83
Japan,2598.0
Germany,3199.48
UK,1046.08
US,1053.64
UK,2764.74
Germany,1190.28
US,2189.29
UK,1431.21
Australia,1687.95
France,2766.27
Germany,3242.86
UK,1372.72
Japan,1021.2
France,2755.54
Australia,1288.44
US,2849.94
France,1231.26
France,2774.33
UK,1787.24
France,2529.07
Australia,1737.48
Germany,2063.93
Australia,2237.87
Germany,1202.2
UK,2017.75
Australia,3069.94
Canada,1523.41
Australia,2080.49
Australia,2546.67
Australia,2406.02
Japan,2057.21
Australia,1071.59
UK,1970.35
UK,2001.26
Australia,2256.36
France,2412.56
UK,1547.31
Japan,1495.99
Canada,1812.34
Germany,1762.51
Germany,1473.27
UK,1560.6
Canada,2224.7
UK,1302.21
France,1163.78
UK,1303.07
France,2404.34
Australia,2281.96
UK,1159.71
Germany,1263.89
Germany,1229.24
UK,1713.09
Canada,2712.44
Canada,1867.36
Australia,1056.81
France,2330.77
Australia,1172.52
Canada,1751.89
Germany,1406.86
Australia,1159.11
France,3510.14
Australia,1855.01
Canada,3252.0
Australia,1084.78
Canada,2169.07
Canada,2338.74
UK,2346.79
Canada,1183.88
Germany,1453.57
Canada,1979.74
US,3391.74
US,3450.63
France,1478.57
Australia,1024.28
US,1659.65
US,1527.35
Germany,2822.02
France,1097.14
Canada,1905.38
Canada,1546.39
Germany,3480.96
Australia,1044.62
Japan,2381.17
US,1265.47
Australia,1446.24
Canada,1613.17
US,3148.73
Japan,2449.41
Germany,2989.34
Canada,2820.12
Japan,1115.6
UK,2187.64
Australia,1192.58
UK,1957.51
Canada,1975.22
Japan,1965.09
France,1254.62
US,2176.02
France,1303.69
Germany,2010.95
Japan,1660.74
Canada,3473.32
Australia,1043.04
US,1032.7
Australia,1025.47
US,1532.44
Japan,1897.92
Germany,3661.72
Germany,1347.18
Germany,1063.93
UK,1114.67
Japan,1003.94
France,1349.87
Germany,1055.17
Japan,1062.12
Japan,2518.49
France,1080.3
France,3363.82
France,3531.81
US,1234.11
Germany,3072.84
Canada,2936.84
US,2538.54
Germany,1660.95
Australia,2208.32
France,3048.4
Germany,3301.9
US,1489.56
Australia,1400.66
Japan,1194.86
Australia,1336.75
Japan,2500.79
Germany,1123.88
Canada,1909.45
France,2577.44
Germany,2355.6
Japan,2628.08
UK,1134.07
Japan,1602.31
Japan,1507.87
Australia,1044.72
Japan,2886.27
France,1866.91
Canada,1328.36
Canada,2528.88
US,1756.34
France,1009.17
Germany,1276.41
France,2497.22
US,2342.04
UK,1678.53
Germany,2437.72
UK,2092.3
US,2988.44
Germany,2101.31
UK,1809.15
France,2245.44
Japan,1482.66
Canada,2037.18
UK,1428.87
Canada,2503.61
France,2236.43
Germany,1249.31
UK,1511.73
France,1719.68
Japan,1585.19
Australia,1809.99
Japan,1539.15
Japan,2308.04
France,2139.52
Japan,3985.43
Japan,1952.6
Australia,1731.48
Germany,3382.65
France,2081.79
US,1316.96
Australia,1726.39
Australia,1937.22
Australia,1168.23
Australia,1027.42
UK,1086.03
Germany,1151.26
France,1063.17
UK,1441.1
Canada,1264.0
UK,1944.74
Germany,1029.08
Japan,1638.37
Japan,1177.78
Japan,1806.75
Canada,1387.58
UK,2991.26
US,2576.67
France,1077.39
France,2508.14
Canada,1073.41
US,1050.34
Canada,1876.08
UK,1173.82
Japan,1806.5
Japan,1484.07
Canada,1459.54
Canada,3583.47
US,1761.33
France,1662.36
Canada,2695.41
Canada,1930.48
US,2460.39
US,1213.81
Germany,1328.95
Germany,1225.39
Canada,1591.6
UK,2419.66
Canada,2282.36
Japan,1645.24
Germany,2092.68
US,1805.14
UK,1334.69
Australia,1928.35
Germany,3787.39
Germany,1751.27
Canada,2958.5
US,2911.77
Canada,1358.66
US,2671.48
US,1319.3
Canada,1562.89
US,1446.97
Japan,1102.82
Germany,1835.39
Australia,1446.73
Canada,1447.66
Japan,1266.9
Canada,1459.1
US,1366.53
Australia,1523.89
France,1008.93
US,2507.76
Japan,2105.24
Japan,2276.1
US,1731.1
Japan,2396.15
Australia,2050.57
Japan,1202.98
US,1947.99
Canada,1900.3
Germany,1232.69
Australia,1675.08
France,1809.8
Germany,2775.6
US,1086.28
UK,2204.86
UK,2061.13
France,1076.75
France,1186.87
France,1902.52
Germany,2167.72
France,2572.48
US,2245.29
Japan,2022.75
Canada,2556.26
UK,1494.66
France,2900.37
France,1669.91
Japan,2084.82
US,1227.33
France,1206.32
Australia,1297.09
Japan,1101.84
Japan,2949.17
Australia,1929.91
Canada,1244.27
Japan,3044.16
Australia,1399.31
Australia,1838.38
Canada,1700.61
Germany,2410.26
Canada,1534.85
France,1112.22
Australia,1047.74
Australia,1626.93
Japan,2184.92
Germany,1594.44
